{"GMSL_GIA":{"1993.011526":-37.24,"1993.038692":-40.34,"1993.065858":-40.16,"1993.093025":-41.89,"1993.120191":-36.85,"1993.147357":-35.65,"1993.174523":-36.05,"1993.201689":-34.65,"1993.228855":-33.98,"1993.256021":-37.88,"1993.283188":-36.41,"1993.310354":-33.0,"1993.33752":-35.01,"1993.364686":-37.66,"1993.391852":-38.9,"1993.419018":-38.25,"1993.446185":-35.22,"1993.473351":-35.31,"1993.500517":-35.93,"1993.527683":-36.86,"1993.554849":-29.4,"1993.582015":-35.9,"1993.609181":-35.1,"1993.636348":-30.58,"1993.663514":-29.48,"1993.69068":-30.97,"1993.717846":-32.11,"1993.745012":-28.8,"1993.772178":-25.19,"1993.799345":-27.43,"1993.826511":-27.87,"1993.853677":-29.24,"1993.880843":-30.49,"1993.908009":-32.22,"1993.935175":-30.9,"1993.962341":-25.55,"1993.989508":-27.99,"1994.016674":-32.1,"1994.04384":-29.73,"1994.071006":-28.04,"1994.098172":-33.56,"1994.125338":-36.61,"1994.152505":-34.93,"1994.179671":-31.32,"1994.206837":-33.36,"1994.234003":-26.61,"1994.261169":-30.12,"1994.288335":-30.16,"1994.315501":-31.3,"1994.342668":-32.85,"1994.369834":-34.56,"1994.397":-36.94,"1994.424166":-34.59,"1994.451332":-31.77,"1994.478498":-39.09,"1994.505664":-36.45,"1994.532831":-32.12,"1994.559997":-31.76,"1994.587163":-31.73,"1994.614329":-31.5,"1994.641495":-28.59,"1994.668661":-27.4,"1994.695828":-25.13,"1994.722994":-25.57,"1994.75016":-26.22,"1994.777326":-24.27,"1994.804492":-21.98,"1994.831658":-23.6,"1994.858824":-17.99,"1994.885991":-26.71,"1994.913157":-29.28,"1994.940323":-24.73,"1994.967489":-23.33,"1994.994655":-22.58,"1995.021821":-23.22,"1995.048988":-26.57,"1995.076154":-22.53,"1995.10332":-27.38,"1995.130486":-32.14,"1995.157652":-27.2,"1995.184818":-26.82,"1995.211984":-23.02,"1995.239151":-28.64,"1995.266317":-29.8,"1995.293483":-28.97,"1995.320649":-28.02,"1995.347815":-35.46,"1995.374981":-31.07,"1995.402148":-29.39,"1995.429314":-27.85,"1995.45648":-30.67,"1995.483646":-31.92,"1995.510812":-28.21,"1995.537978":-30.99,"1995.565144":-31.36,"1995.592311":-30.75,"1995.619477":-27.46,"1995.646643":-26.2,"1995.673809":-23.32,"1995.700975":-22.01,"1995.728141":-15.42,"1995.755307":-20.15,"1995.782474":-21.26,"1995.80964":-27.26,"1995.836806":-21.88,"1995.863972":-21.73,"1995.891138":-19.61,"1995.918304":-43.69,"1995.945471":-23.1,"1995.972637":-18.35,"1995.999803":-24.33,"1996.026895":-27.92,"1996.053987":-29.95,"1996.081079":-31.51,"1996.108171":-24.63,"1996.135263":-28.29,"1996.162355":-25.55,"1996.189447":-28.52,"1996.216539":-26.42,"1996.243631":-26.94,"1996.270723":-28.98,"1996.297815":-30.4,"1996.324907":-26.75,"1996.351998":-25.84,"1996.37909":-27.47,"1996.406182":-25.86,"1996.433274":-27.22,"1996.460366":-31.74,"1996.487458":-26.27,"1996.51455":-26.74,"1996.541642":-24.71,"1996.568734":-20.56,"1996.595826":-22.71,"1996.622918":-23.55,"1996.65001":-22.9,"1996.677102":-24.33,"1996.704194":-20.45,"1996.731285":-16.11,"1996.758377":-16.75,"1996.785469":-23.51,"1996.812561":-14.19,"1996.839653":-11.26,"1996.866745":-14.38,"1996.893837":-20.7,"1996.920929":-19.89,"1996.948021":-19.36,"1996.975113":-24.58,"1997.002211":-26.04,"1997.029377":-24.01,"1997.056543":-26.86,"1997.083709":-24.82,"1997.110875":-30.86,"1997.138042":-27.01,"1997.165208":-26.61,"1997.192374":-27.19,"1997.21954":-24.55,"1997.246706":-23.65,"1997.273872":-22.93,"1997.301038":-28.0,"1997.328205":-26.64,"1997.355371":-23.13,"1997.382537":-26.25,"1997.409703":-21.44,"1997.436869":-27.14,"1997.464035":-26.15,"1997.491202":-24.09,"1997.518368":-24.09,"1997.545534":-18.05,"1997.5727":-19.45,"1997.599866":-22.9,"1997.627032":-17.26,"1997.654198":-14.82,"1997.681365":-13.55,"1997.708531":-11.37,"1997.735697":-9.38,"1997.762863":-5.33,"1997.790029":-8.74,"1997.817195":-11.37,"1997.844362":-9.04,"1997.871528":-12.77,"1997.898694":-14.87,"1997.92586":-12.96,"1997.953026":-19.73,"1997.980192":-18.24,"1998.007358":-22.78,"1998.034525":-18.6,"1998.061691":-22.58,"1998.088857":-20.5,"1998.116023":-20.16,"1998.143189":-21.55,"1998.170355":-22.29,"1998.197521":-19.09,"1998.224688":-19.8,"1998.251854":-20.84,"1998.27902":-19.03,"1998.306186":-20.53,"1998.333352":-21.92,"1998.360518":-24.31,"1998.387685":-21.19,"1998.414851":-25.69,"1998.442017":-26.72,"1998.469183":-27.83,"1998.496349":-24.53,"1998.523515":-24.7,"1998.550681":-26.72,"1998.577848":-24.09,"1998.605014":-25.32,"1998.63218":-26.04,"1998.659346":-22.45,"1998.686512":-21.09,"1998.713678":-20.26,"1998.740845":-20.74,"1998.768011":-18.93,"1998.795177":-19.71,"1998.822343":-17.9,"1998.849509":-18.92,"1998.876675":-19.7,"1998.903841":-22.93,"1998.931008":-18.81,"1998.958174":-23.2,"1998.98534":-22.47,"1999.012506":-24.5,"1999.039672":-22.56,"1999.066838":-24.43,"1999.094005":-28.34,"1999.121171":-17.14,"1999.148337":-20.64,"1999.175503":-19.39,"1999.202669":-21.03,"1999.229835":-19.57,"1999.257001":-21.58,"1999.284168":-19.95,"1999.311334":-23.79,"1999.3385":-22.42,"1999.365666":-20.5,"1999.392832":-23.28,"1999.419998":-23.2,"1999.447164":-26.01,"1999.474331":-23.43,"1999.501497":-22.53,"1999.528663":-21.08,"1999.555829":-22.34,"1999.582995":-21.06,"1999.610161":-21.33,"1999.637328":-16.12,"1999.664494":-18.26,"1999.69166":-15.13,"1999.718826":-12.33,"1999.745992":-12.4,"1999.773158":-8.72,"1999.800324":-10.01,"1999.827491":-10.93,"1999.854657":-11.65,"1999.881823":-10.89,"1999.908989":-12.98,"1999.936155":-10.12,"1999.963321":-11.65,"1999.990488":-12.37,"2000.017605":-16.09,"2000.044697":-14.47,"2000.071789":-15.28,"2000.098881":-18.81,"2000.125973":-20.21,"2000.153065":-16.13,"2000.180157":-16.63,"2000.207249":-17.91,"2000.234341":-14.91,"2000.261433":-17.85,"2000.288525":-18.9,"2000.315617":-18.26,"2000.342709":-20.49,"2000.369801":-21.13,"2000.396892":-21.02,"2000.423984":-21.0,"2000.451076":-21.29,"2000.478168":-23.17,"2000.50526":-20.91,"2000.532352":-18.97,"2000.559444":-17.93,"2000.586536":-21.48,"2000.613628":-17.69,"2000.64072":-12.62,"2000.667812":-14.5,"2000.694904":-14.12,"2000.721996":-8.91,"2000.749088":-6.24,"2000.776179":-6.22,"2000.803271":-7.75,"2000.830363":1.82,"2000.857455":-6.7,"2000.884547":-9.41,"2000.911639":-10.57,"2000.938731":-12.69,"2000.965823":-13.97,"2000.992915":-11.43,"2001.020062":-13.73,"2001.047228":-11.13,"2001.074394":-14.43,"2001.10156":-13.28,"2001.128726":-15.64,"2001.155892":-11.73,"2001.183059":-8.54,"2001.210225":-15.47,"2001.237391":-12.0,"2001.264557":-13.09,"2001.291723":-10.56,"2001.318889":-12.65,"2001.346055":-14.95,"2001.373222":-16.0,"2001.400388":-15.81,"2001.427554":-16.42,"2001.45472":-16.76,"2001.481886":-12.77,"2001.509052":-10.93,"2001.536218":-9.52,"2001.563385":-13.28,"2001.590551":-8.43,"2001.617717":-9.84,"2001.644883":-9.1,"2001.672049":-6.28,"2001.699215":-1.17,"2001.726382":-0.59,"2001.753548":1.33,"2001.780714":-3.33,"2001.80788":-6.76,"2001.835046":-2.24,"2001.862212":-0.16,"2001.889378":-4.46,"2001.916545":-6.59,"2001.943711":-8.72,"2001.970877":-8.15,"2001.998043":-7.48,"2002.025209":-11.8,"2002.052375":-10.65,"2002.079542":-7.36,"2002.106708":-9.68,"2002.133874":-9.2,"2002.16104":-5.96,"2002.188206":-12.19,"2002.215372":-11.88,"2002.242538":-10.44,"2002.269705":-8.36,"2002.296871":-13.08,"2002.324037":-11.62,"2002.351203":-13.11,"2002.378369":-11.42,"2002.405535":-12.3,"2002.432702":-16.29,"2002.459868":-15.23,"2002.487034":-10.48,"2002.5142":-11.0,"2002.541366":-8.35,"2002.568532":-6.29,"2002.595698":-4.32,"2002.622865":-1.35,"2002.650031":-4.03,"2002.677197":-2.76,"2002.704363":-1.54,"2002.731529":0.42,"2002.758695":-1.02,"2002.785861":1.56,"2002.813028":5.57,"2002.840194":0.68,"2002.86736":1.22,"2002.894526":-0.21,"2002.921692":-2.66,"2002.948858":-2.92,"2002.976025":-2.97,"2003.003191":-5.14,"2003.030357":-7.62,"2003.057523":-1.8,"2003.084689":-2.74,"2003.111855":-1.34,"2003.139021":-6.85,"2003.166188":-6.84,"2003.193354":-6.01,"2003.22052":-4.71,"2003.247686":-4.6,"2003.274852":-5.31,"2003.302018":-6.41,"2003.329185":-7.37,"2003.356351":-7.45,"2003.383517":-6.55,"2003.410683":-7.76,"2003.437849":-10.73,"2003.465015":-7.74,"2003.492181":-9.51,